iteration,operation_type,ecu_id,sec_level,key_len_bytes,latency_ms,status
0,SMK_createECDSAKey,-,-,-,5,success
0,SMK_getECDSAPublicKey,-,-,65,5,success
0,SMK_signDataECDSA,-,-,64,98,success
0,SMK_getMyECDHPublicKey,-,-,66,15,success
0,SMK_requestSessionKeyToGateway,-,-,60,119,success
0,SMK_computeMyECDHSharedSecret,-,-,32,17,success
0,SMK_decryptAndStoreSubMasterKey,-,-,32,21,success
0,ECU_Key_Derivation_Flow,-,-,-,0,skipped_by_config
1,SMK_createECDSAKey,-,-,-,3,success
1,SMK_getECDSAPublicKey,-,-,65,4,success
1,SMK_signDataECDSA,-,-,64,61,success
1,SMK_getMyECDHPublicKey,-,-,66,14,success
1,SMK_requestSessionKeyToGateway,-,-,60,93,success
1,SMK_computeMyECDHSharedSecret,-,-,32,16,success
1,SMK_decryptAndStoreSubMasterKey,-,-,32,27,success
1,ECU_Key_Derivation_Flow,-,-,-,0,skipped_by_config
2,SMK_createECDSAKey,-,-,-,3,success
2,SMK_getECDSAPublicKey,-,-,65,3,success
2,SMK_signDataECDSA,-,-,64,58,success
2,SMK_getMyECDHPublicKey,-,-,66,14,success
2,SMK_requestSessionKeyToGateway,-,-,60,120,success
2,SMK_computeMyECDHSharedSecret,-,-,32,16,success
2,SMK_decryptAndStoreSubMasterKey,-,-,32,26,success
2,ECU_Key_Derivation_Flow,-,-,-,0,skipped_by_config
3,SMK_createECDSAKey,-,-,-,3,success
3,SMK_getECDSAPublicKey,-,-,65,3,success
3,SMK_signDataECDSA,-,-,64,62,success
3,SMK_getMyECDHPublicKey,-,-,66,14,success
3,SMK_requestSessionKeyToGateway,-,-,60,72,success
3,SMK_computeMyECDHSharedSecret,-,-,32,14,success
3,SMK_decryptAndStoreSubMasterKey,-,-,32,25,success
3,ECU_Key_Derivation_Flow,-,-,-,0,skipped_by_config
4,SMK_createECDSAKey,-,-,-,3,success
4,SMK_getECDSAPublicKey,-,-,65,3,success
4,SMK_signDataECDSA,-,-,64,58,success
4,SMK_getMyECDHPublicKey,-,-,66,14,success
4,SMK_requestSessionKeyToGateway,-,-,60,135,success
4,SMK_computeMyECDHSharedSecret,-,-,32,14,success
4,SMK_decryptAndStoreSubMasterKey,-,-,32,29,success
4,ECU_Key_Derivation_Flow,-,-,-,0,skipped_by_config
5,SMK_createECDSAKey,-,-,-,5,success
5,SMK_getECDSAPublicKey,-,-,65,5,success
5,SMK_signDataECDSA,-,-,64,83,success
5,SMK_getMyECDHPublicKey,-,-,66,14,success
5,SMK_requestSessionKeyToGateway,-,-,60,134,success
5,SMK_computeMyECDHSharedSecret,-,-,32,15,success
5,SMK_decryptAndStoreSubMasterKey,-,-,32,29,success
5,ECU_Key_Derivation_Flow,-,-,-,0,skipped_by_config
6,SMK_createECDSAKey,-,-,-,5,success
6,SMK_getECDSAPublicKey,-,-,65,5,success
6,SMK_signDataECDSA,-,-,64,98,success
6,SMK_getMyECDHPublicKey,-,-,66,18,success
6,SMK_requestSessionKeyToGateway,-,-,60,101,success
6,SMK_computeMyECDHSharedSecret,-,-,32,18,success
6,SMK_decryptAndStoreSubMasterKey,-,-,32,26,success
6,ECU_Key_Derivation_Flow,-,-,-,0,skipped_by_config
7,SMK_createECDSAKey,-,-,-,4,success
7,SMK_getECDSAPublicKey,-,-,65,4,success
7,SMK_signDataECDSA,-,-,64,58,success
7,SMK_getMyECDHPublicKey,-,-,66,13,success
7,SMK_requestSessionKeyToGateway,-,-,60,76,success
7,SMK_computeMyECDHSharedSecret,-,-,32,14,success
7,SMK_decryptAndStoreSubMasterKey,-,-,32,23,success
7,ECU_Key_Derivation_Flow,-,-,-,0,skipped_by_config
8,SMK_createECDSAKey,-,-,-,3,success
8,SMK_getECDSAPublicKey,-,-,65,3,success
8,SMK_signDataECDSA,-,-,64,54,success
8,SMK_getMyECDHPublicKey,-,-,66,14,success
8,SMK_requestSessionKeyToGateway,-,-,60,126,success
8,SMK_computeMyECDHSharedSecret,-,-,32,14,success
8,SMK_decryptAndStoreSubMasterKey,-,-,32,28,success
8,ECU_Key_Derivation_Flow,-,-,-,0,skipped_by_config
9,SMK_createECDSAKey,-,-,-,5,success
9,SMK_getECDSAPublicKey,-,-,65,5,success
9,SMK_signDataECDSA,-,-,64,98,success
9,SMK_getMyECDHPublicKey,-,-,66,15,success
9,SMK_requestSessionKeyToGateway,-,-,60,116,success
9,SMK_computeMyECDHSharedSecret,-,-,32,16,success
9,SMK_decryptAndStoreSubMasterKey,-,-,32,31,success
9,ECU_Key_Derivation_Flow,-,-,-,0,skipped_by_config
10,SMK_createECDSAKey,-,-,-,4,success
10,SMK_getECDSAPublicKey,-,-,65,4,success
10,SMK_signDataECDSA,-,-,64,70,success
10,SMK_getMyECDHPublicKey,-,-,66,14,success
10,SMK_requestSessionKeyToGateway,-,-,60,98,success
10,SMK_computeMyECDHSharedSecret,-,-,32,14,success
10,SMK_decryptAndStoreSubMasterKey,-,-,32,27,success
10,ECU_Key_Derivation_Flow,-,-,-,0,skipped_by_config
11,SMK_createECDSAKey,-,-,-,4,success
11,SMK_getECDSAPublicKey,-,-,65,4,success
11,SMK_signDataECDSA,-,-,64,65,success
11,SMK_getMyECDHPublicKey,-,-,66,14,success
11,SMK_requestSessionKeyToGateway,-,-,60,113,success
11,SMK_computeMyECDHSharedSecret,-,-,32,14,success
11,SMK_decryptAndStoreSubMasterKey,-,-,32,27,success
11,ECU_Key_Derivation_Flow,-,-,-,0,skipped_by_config
12,SMK_createECDSAKey,-,-,-,4,success
12,SMK_getECDSAPublicKey,-,-,65,4,success
12,SMK_signDataECDSA,-,-,64,66,success
12,SMK_getMyECDHPublicKey,-,-,66,14,success
12,SMK_requestSessionKeyToGateway,-,-,60,115,success
12,SMK_computeMyECDHSharedSecret,-,-,32,14,success
12,SMK_decryptAndStoreSubMasterKey,-,-,32,28,success
12,ECU_Key_Derivation_Flow,-,-,-,0,skipped_by_config
13,SMK_createECDSAKey,-,-,-,4,success
13,SMK_getECDSAPublicKey,-,-,65,4,success
13,SMK_signDataECDSA,-,-,64,66,success
13,SMK_getMyECDHPublicKey,-,-,66,14,success
13,SMK_requestSessionKeyToGateway,-,-,60,116,success
13,SMK_computeMyECDHSharedSecret,-,-,32,17,success
13,SMK_decryptAndStoreSubMasterKey,-,-,32,25,success
13,ECU_Key_Derivation_Flow,-,-,-,0,skipped_by_config
14,SMK_createECDSAKey,-,-,-,3,success
14,SMK_getECDSAPublicKey,-,-,65,4,success
14,SMK_signDataECDSA,-,-,64,59,success
14,SMK_getMyECDHPublicKey,-,-,66,14,success
14,SMK_requestSessionKeyToGateway,-,-,60,114,success
14,SMK_computeMyECDHSharedSecret,-,-,32,14,success
14,SMK_decryptAndStoreSubMasterKey,-,-,32,27,success
14,ECU_Key_Derivation_Flow,-,-,-,0,skipped_by_config
15,SMK_createECDSAKey,-,-,-,4,success
15,SMK_getECDSAPublicKey,-,-,65,4,success
15,SMK_signDataECDSA,-,-,64,65,success
15,SMK_getMyECDHPublicKey,-,-,66,14,success
15,SMK_requestSessionKeyToGateway,-,-,60,114,success
15,SMK_computeMyECDHSharedSecret,-,-,32,14,success
15,SMK_decryptAndStoreSubMasterKey,-,-,32,29,success
15,ECU_Key_Derivation_Flow,-,-,-,0,skipped_by_config
16,SMK_createECDSAKey,-,-,-,2,success
16,SMK_getECDSAPublicKey,-,-,65,4,success
16,SMK_signDataECDSA,-,-,64,61,success
16,SMK_getMyECDHPublicKey,-,-,66,14,success
16,SMK_requestSessionKeyToGateway,-,-,60,115,success
16,SMK_computeMyECDHSharedSecret,-,-,32,14,success
16,SMK_decryptAndStoreSubMasterKey,-,-,32,29,success
16,ECU_Key_Derivation_Flow,-,-,-,0,skipped_by_config
17,SMK_createECDSAKey,-,-,-,4,success
17,SMK_getECDSAPublicKey,-,-,65,3,success
17,SMK_signDataECDSA,-,-,64,59,success
17,SMK_getMyECDHPublicKey,-,-,66,14,success
17,SMK_requestSessionKeyToGateway,-,-,60,112,success
17,SMK_computeMyECDHSharedSecret,-,-,32,14,success
17,SMK_decryptAndStoreSubMasterKey,-,-,32,26,success
17,ECU_Key_Derivation_Flow,-,-,-,0,skipped_by_config
18,SMK_createECDSAKey,-,-,-,4,success
18,SMK_getECDSAPublicKey,-,-,65,4,success
18,SMK_signDataECDSA,-,-,64,61,success
18,SMK_getMyECDHPublicKey,-,-,66,14,success
18,SMK_requestSessionKeyToGateway,-,-,60,115,success
18,SMK_computeMyECDHSharedSecret,-,-,32,14,success
18,SMK_decryptAndStoreSubMasterKey,-,-,32,26,success
18,ECU_Key_Derivation_Flow,-,-,-,0,skipped_by_config
19,SMK_createECDSAKey,-,-,-,4,success
19,SMK_getECDSAPublicKey,-,-,65,4,success
19,SMK_signDataECDSA,-,-,64,66,success
19,SMK_getMyECDHPublicKey,-,-,66,14,success
19,SMK_requestSessionKeyToGateway,-,-,60,121,success
19,SMK_computeMyECDHSharedSecret,-,-,32,15,success
19,SMK_decryptAndStoreSubMasterKey,-,-,32,29,success
19,ECU_Key_Derivation_Flow,-,-,-,0,skipped_by_config
20,SMK_createECDSAKey,-,-,-,4,success
20,SMK_getECDSAPublicKey,-,-,65,4,success
20,SMK_signDataECDSA,-,-,64,65,success
20,SMK_getMyECDHPublicKey,-,-,66,14,success
20,SMK_requestSessionKeyToGateway,-,-,60,130,success
20,SMK_computeMyECDHSharedSecret,-,-,32,15,success
20,SMK_decryptAndStoreSubMasterKey,-,-,32,28,success
20,ECU_Key_Derivation_Flow,-,-,-,0,skipped_by_config
21,SMK_createECDSAKey,-,-,-,5,success
21,SMK_getECDSAPublicKey,-,-,65,5,success
21,SMK_signDataECDSA,-,-,64,71,success
21,SMK_getMyECDHPublicKey,-,-,66,14,success
21,SMK_requestSessionKeyToGateway,-,-,60,120,success
21,SMK_computeMyECDHSharedSecret,-,-,32,14,success
21,SMK_decryptAndStoreSubMasterKey,-,-,32,25,success
21,ECU_Key_Derivation_Flow,-,-,-,0,skipped_by_config
22,SMK_createECDSAKey,-,-,-,4,success
22,SMK_getECDSAPublicKey,-,-,65,4,success
22,SMK_signDataECDSA,-,-,64,61,success
22,SMK_getMyECDHPublicKey,-,-,66,14,success
22,SMK_requestSessionKeyToGateway,-,-,60,72,success
22,SMK_computeMyECDHSharedSecret,-,-,32,13,success
22,SMK_decryptAndStoreSubMasterKey,-,-,32,26,success
22,ECU_Key_Derivation_Flow,-,-,-,0,skipped_by_config
23,SMK_createECDSAKey,-,-,-,3,success
23,SMK_getECDSAPublicKey,-,-,65,3,success
23,SMK_signDataECDSA,-,-,64,58,success
23,SMK_getMyECDHPublicKey,-,-,66,14,success
23,SMK_requestSessionKeyToGateway,-,-,60,132,success
23,SMK_computeMyECDHSharedSecret,-,-,32,13,success
23,SMK_decryptAndStoreSubMasterKey,-,-,32,27,success
23,ECU_Key_Derivation_Flow,-,-,-,0,skipped_by_config
24,SMK_createECDSAKey,-,-,-,4,success
24,SMK_getECDSAPublicKey,-,-,65,4,success
24,SMK_signDataECDSA,-,-,64,66,success
24,SMK_getMyECDHPublicKey,-,-,66,14,success
24,SMK_requestSessionKeyToGateway,-,-,60,124,success
24,SMK_computeMyECDHSharedSecret,-,-,32,14,success
24,SMK_decryptAndStoreSubMasterKey,-,-,32,24,success
24,ECU_Key_Derivation_Flow,-,-,-,0,skipped_by_config
25,SMK_createECDSAKey,-,-,-,4,success
25,SMK_getECDSAPublicKey,-,-,65,3,success
25,SMK_signDataECDSA,-,-,64,61,success
25,SMK_getMyECDHPublicKey,-,-,66,14,success
25,SMK_requestSessionKeyToGateway,-,-,60,121,success
25,SMK_computeMyECDHSharedSecret,-,-,32,14,success
25,SMK_decryptAndStoreSubMasterKey,-,-,32,31,success
25,ECU_Key_Derivation_Flow,-,-,-,0,skipped_by_config
26,SMK_createECDSAKey,-,-,-,3,success
26,SMK_getECDSAPublicKey,-,-,65,3,success
26,SMK_signDataECDSA,-,-,64,58,success
26,SMK_getMyECDHPublicKey,-,-,66,14,success
26,SMK_requestSessionKeyToGateway,-,-,60,114,success
26,SMK_computeMyECDHSharedSecret,-,-,32,14,success
26,SMK_decryptAndStoreSubMasterKey,-,-,32,26,success
26,ECU_Key_Derivation_Flow,-,-,-,0,skipped_by_config
27,SMK_createECDSAKey,-,-,-,2,success
27,SMK_getECDSAPublicKey,-,-,65,3,success
27,SMK_signDataECDSA,-,-,64,52,success
27,SMK_getMyECDHPublicKey,-,-,66,14,success
27,SMK_requestSessionKeyToGateway,-,-,60,117,success
27,SMK_computeMyECDHSharedSecret,-,-,32,14,success
27,SMK_decryptAndStoreSubMasterKey,-,-,32,25,success
27,ECU_Key_Derivation_Flow,-,-,-,0,skipped_by_config
28,SMK_createECDSAKey,-,-,-,2,success
28,SMK_getECDSAPublicKey,-,-,65,3,success
28,SMK_signDataECDSA,-,-,64,55,success
28,SMK_getMyECDHPublicKey,-,-,66,14,success
28,SMK_requestSessionKeyToGateway,-,-,60,114,success
28,SMK_computeMyECDHSharedSecret,-,-,32,14,success
28,SMK_decryptAndStoreSubMasterKey,-,-,32,31,success
28,ECU_Key_Derivation_Flow,-,-,-,0,skipped_by_config
29,SMK_createECDSAKey,-,-,-,2,success
29,SMK_getECDSAPublicKey,-,-,65,3,success
29,SMK_signDataECDSA,-,-,64,62,success
29,SMK_getMyECDHPublicKey,-,-,66,13,success
29,SMK_requestSessionKeyToGateway,-,-,60,115,success
29,SMK_computeMyECDHSharedSecret,-,-,32,14,success
29,SMK_decryptAndStoreSubMasterKey,-,-,32,27,success
29,ECU_Key_Derivation_Flow,-,-,-,0,skipped_by_config
30,SMK_createECDSAKey,-,-,-,2,success
30,SMK_getECDSAPublicKey,-,-,65,3,success
30,SMK_signDataECDSA,-,-,64,61,success
30,SMK_getMyECDHPublicKey,-,-,66,13,success
30,SMK_requestSessionKeyToGateway,-,-,60,112,success
30,SMK_computeMyECDHSharedSecret,-,-,32,14,success
30,SMK_decryptAndStoreSubMasterKey,-,-,32,26,success
30,ECU_Key_Derivation_Flow,-,-,-,0,skipped_by_config
31,SMK_createECDSAKey,-,-,-,3,success
31,SMK_getECDSAPublicKey,-,-,65,3,success
31,SMK_signDataECDSA,-,-,64,62,success
31,SMK_getMyECDHPublicKey,-,-,66,14,success
31,SMK_requestSessionKeyToGateway,-,-,60,117,success
31,SMK_computeMyECDHSharedSecret,-,-,32,14,success
31,SMK_decryptAndStoreSubMasterKey,-,-,32,27,success
31,ECU_Key_Derivation_Flow,-,-,-,0,skipped_by_config
32,SMK_createECDSAKey,-,-,-,2,success
32,SMK_getECDSAPublicKey,-,-,65,3,success
32,SMK_signDataECDSA,-,-,64,61,success
32,SMK_getMyECDHPublicKey,-,-,66,14,success
32,SMK_requestSessionKeyToGateway,-,-,60,116,success
32,SMK_computeMyECDHSharedSecret,-,-,32,14,success
32,SMK_decryptAndStoreSubMasterKey,-,-,32,26,success
32,ECU_Key_Derivation_Flow,-,-,-,0,skipped_by_config
33,SMK_createECDSAKey,-,-,-,3,success
33,SMK_getECDSAPublicKey,-,-,65,3,success
33,SMK_signDataECDSA,-,-,64,55,success
33,SMK_getMyECDHPublicKey,-,-,66,14,success
33,SMK_requestSessionKeyToGateway,-,-,60,123,success
33,SMK_computeMyECDHSharedSecret,-,-,32,14,success
33,SMK_decryptAndStoreSubMasterKey,-,-,32,26,success
33,ECU_Key_Derivation_Flow,-,-,-,0,skipped_by_config
34,SMK_createECDSAKey,-,-,-,2,success
34,SMK_getECDSAPublicKey,-,-,65,4,success
34,SMK_signDataECDSA,-,-,64,40,success
34,SMK_getMyECDHPublicKey,-,-,66,13,success
34,SMK_requestSessionKeyToGateway,-,-,60,113,success
34,SMK_computeMyECDHSharedSecret,-,-,32,14,success
34,SMK_decryptAndStoreSubMasterKey,-,-,32,29,success
34,ECU_Key_Derivation_Flow,-,-,-,0,skipped_by_config
35,SMK_createECDSAKey,-,-,-,4,success
35,SMK_getECDSAPublicKey,-,-,65,4,success
35,SMK_signDataECDSA,-,-,64,61,success
35,SMK_getMyECDHPublicKey,-,-,66,14,success
35,SMK_requestSessionKeyToGateway,-,-,60,120,success
35,SMK_computeMyECDHSharedSecret,-,-,32,14,success
35,SMK_decryptAndStoreSubMasterKey,-,-,32,28,success
35,ECU_Key_Derivation_Flow,-,-,-,0,skipped_by_config
36,SMK_createECDSAKey,-,-,-,4,success
36,SMK_getECDSAPublicKey,-,-,65,4,success
36,SMK_signDataECDSA,-,-,64,66,success
36,SMK_getMyECDHPublicKey,-,-,66,14,success
36,SMK_requestSessionKeyToGateway,-,-,60,123,success
36,SMK_computeMyECDHSharedSecret,-,-,32,14,success
36,SMK_decryptAndStoreSubMasterKey,-,-,32,26,success
36,ECU_Key_Derivation_Flow,-,-,-,0,skipped_by_config
37,SMK_createECDSAKey,-,-,-,4,success
37,SMK_getECDSAPublicKey,-,-,65,4,success
37,SMK_signDataECDSA,-,-,64,65,success
37,SMK_getMyECDHPublicKey,-,-,66,14,success
37,SMK_requestSessionKeyToGateway,-,-,60,116,success
37,SMK_computeMyECDHSharedSecret,-,-,32,14,success
37,SMK_decryptAndStoreSubMasterKey,-,-,32,26,success
37,ECU_Key_Derivation_Flow,-,-,-,0,skipped_by_config
38,SMK_createECDSAKey,-,-,-,2,success
38,SMK_getECDSAPublicKey,-,-,65,3,success
38,SMK_signDataECDSA,-,-,64,55,success
38,SMK_getMyECDHPublicKey,-,-,66,14,success
38,SMK_requestSessionKeyToGateway,-,-,60,114,success
38,SMK_computeMyECDHSharedSecret,-,-,32,14,success
38,SMK_decryptAndStoreSubMasterKey,-,-,32,26,success
38,ECU_Key_Derivation_Flow,-,-,-,0,skipped_by_config
39,SMK_createECDSAKey,-,-,-,3,success
39,SMK_getECDSAPublicKey,-,-,65,4,success
39,SMK_signDataECDSA,-,-,64,55,success
39,SMK_getMyECDHPublicKey,-,-,66,14,success
39,SMK_requestSessionKeyToGateway,-,-,60,111,success
39,SMK_computeMyECDHSharedSecret,-,-,32,14,success
39,SMK_decryptAndStoreSubMasterKey,-,-,32,28,success
39,ECU_Key_Derivation_Flow,-,-,-,0,skipped_by_config
40,SMK_createECDSAKey,-,-,-,4,success
40,SMK_getECDSAPublicKey,-,-,65,4,success
40,SMK_signDataECDSA,-,-,64,66,success
40,SMK_getMyECDHPublicKey,-,-,66,13,success
40,SMK_requestSessionKeyToGateway,-,-,60,120,success
40,SMK_computeMyECDHSharedSecret,-,-,32,14,success
40,SMK_decryptAndStoreSubMasterKey,-,-,32,32,success
40,ECU_Key_Derivation_Flow,-,-,-,0,skipped_by_config
41,SMK_createECDSAKey,-,-,-,4,success
41,SMK_getECDSAPublicKey,-,-,65,4,success
41,SMK_signDataECDSA,-,-,64,70,success
41,SMK_getMyECDHPublicKey,-,-,66,14,success
41,SMK_requestSessionKeyToGateway,-,-,60,123,success
41,SMK_computeMyECDHSharedSecret,-,-,32,15,success
41,SMK_decryptAndStoreSubMasterKey,-,-,32,26,success
41,ECU_Key_Derivation_Flow,-,-,-,0,skipped_by_config
42,SMK_createECDSAKey,-,-,-,4,success
42,SMK_getECDSAPublicKey,-,-,65,4,success
42,SMK_signDataECDSA,-,-,64,61,success
42,SMK_getMyECDHPublicKey,-,-,66,14,success
42,SMK_requestSessionKeyToGateway,-,-,60,118,success
42,SMK_computeMyECDHSharedSecret,-,-,32,14,success
42,SMK_decryptAndStoreSubMasterKey,-,-,32,28,success
42,ECU_Key_Derivation_Flow,-,-,-,0,skipped_by_config
43,SMK_createECDSAKey,-,-,-,4,success
43,SMK_getECDSAPublicKey,-,-,65,3,success
43,SMK_signDataECDSA,-,-,64,61,success
43,SMK_getMyECDHPublicKey,-,-,66,14,success
43,SMK_requestSessionKeyToGateway,-,-,60,115,success
43,SMK_computeMyECDHSharedSecret,-,-,32,14,success
43,SMK_decryptAndStoreSubMasterKey,-,-,32,28,success
43,ECU_Key_Derivation_Flow,-,-,-,0,skipped_by_config
44,SMK_createECDSAKey,-,-,-,4,success
44,SMK_getECDSAPublicKey,-,-,65,4,success
44,SMK_signDataECDSA,-,-,64,62,success
44,SMK_getMyECDHPublicKey,-,-,66,14,success
44,SMK_requestSessionKeyToGateway,-,-,60,112,success
44,SMK_computeMyECDHSharedSecret,-,-,32,14,success
44,SMK_decryptAndStoreSubMasterKey,-,-,32,27,success
44,ECU_Key_Derivation_Flow,-,-,-,0,skipped_by_config
45,SMK_createECDSAKey,-,-,-,3,success
45,SMK_getECDSAPublicKey,-,-,65,3,success
45,SMK_signDataECDSA,-,-,64,62,success
45,SMK_getMyECDHPublicKey,-,-,66,14,success
45,SMK_requestSessionKeyToGateway,-,-,60,116,success
45,SMK_computeMyECDHSharedSecret,-,-,32,14,success
45,SMK_decryptAndStoreSubMasterKey,-,-,32,30,success
45,ECU_Key_Derivation_Flow,-,-,-,0,skipped_by_config
46,SMK_createECDSAKey,-,-,-,1,success
46,SMK_getECDSAPublicKey,-,-,65,3,success
46,SMK_signDataECDSA,-,-,64,61,success
46,SMK_getMyECDHPublicKey,-,-,66,14,success
46,SMK_requestSessionKeyToGateway,-,-,60,111,success
46,SMK_computeMyECDHSharedSecret,-,-,32,14,success
46,SMK_decryptAndStoreSubMasterKey,-,-,32,24,success
46,ECU_Key_Derivation_Flow,-,-,-,0,skipped_by_config
47,SMK_createECDSAKey,-,-,-,2,success
47,SMK_getECDSAPublicKey,-,-,65,3,success
47,SMK_signDataECDSA,-,-,64,58,success
47,SMK_getMyECDHPublicKey,-,-,66,14,success
47,SMK_requestSessionKeyToGateway,-,-,60,117,success
47,SMK_computeMyECDHSharedSecret,-,-,32,14,success
47,SMK_decryptAndStoreSubMasterKey,-,-,32,25,success
47,ECU_Key_Derivation_Flow,-,-,-,0,skipped_by_config
48,SMK_createECDSAKey,-,-,-,3,success
48,SMK_getECDSAPublicKey,-,-,65,3,success
48,SMK_signDataECDSA,-,-,64,55,success
48,SMK_getMyECDHPublicKey,-,-,66,14,success
48,SMK_requestSessionKeyToGateway,-,-,60,125,success
48,SMK_computeMyECDHSharedSecret,-,-,32,14,success
48,SMK_decryptAndStoreSubMasterKey,-,-,32,29,success
48,ECU_Key_Derivation_Flow,-,-,-,0,skipped_by_config
49,SMK_createECDSAKey,-,-,-,2,success
49,SMK_getECDSAPublicKey,-,-,65,3,success
49,SMK_signDataECDSA,-,-,64,62,success
49,SMK_getMyECDHPublicKey,-,-,66,14,success
49,SMK_requestSessionKeyToGateway,-,-,60,116,success
49,SMK_computeMyECDHSharedSecret,-,-,32,14,success
49,SMK_decryptAndStoreSubMasterKey,-,-,32,24,success
49,ECU_Key_Derivation_Flow,-,-,-,0,skipped_by_config
50,SMK_createECDSAKey,-,-,-,2,success
50,SMK_getECDSAPublicKey,-,-,65,3,success
50,SMK_signDataECDSA,-,-,64,59,success
50,SMK_getMyECDHPublicKey,-,-,66,14,success
50,SMK_requestSessionKeyToGateway,-,-,60,120,success
50,SMK_computeMyECDHSharedSecret,-,-,32,14,success
50,SMK_decryptAndStoreSubMasterKey,-,-,32,26,success
50,ECU_Key_Derivation_Flow,-,-,-,0,skipped_by_config
51,SMK_createECDSAKey,-,-,-,2,success
51,SMK_getECDSAPublicKey,-,-,65,4,success
51,SMK_signDataECDSA,-,-,64,61,success
51,SMK_getMyECDHPublicKey,-,-,66,14,success
51,SMK_requestSessionKeyToGateway,-,-,60,117,success
51,SMK_computeMyECDHSharedSecret,-,-,32,14,success
51,SMK_decryptAndStoreSubMasterKey,-,-,32,28,success
51,ECU_Key_Derivation_Flow,-,-,-,0,skipped_by_config
52,SMK_createECDSAKey,-,-,-,4,success
52,SMK_getECDSAPublicKey,-,-,65,4,success
52,SMK_signDataECDSA,-,-,64,67,success
52,SMK_getMyECDHPublicKey,-,-,66,14,success
52,SMK_requestSessionKeyToGateway,-,-,60,114,success
52,SMK_computeMyECDHSharedSecret,-,-,32,14,success
52,SMK_decryptAndStoreSubMasterKey,-,-,32,28,success
52,ECU_Key_Derivation_Flow,-,-,-,0,skipped_by_config
53,SMK_createECDSAKey,-,-,-,4,success
53,SMK_getECDSAPublicKey,-,-,65,4,success
53,SMK_signDataECDSA,-,-,64,65,success
53,SMK_getMyECDHPublicKey,-,-,66,14,success
53,SMK_requestSessionKeyToGateway,-,-,60,117,success
53,SMK_computeMyECDHSharedSecret,-,-,32,14,success
53,SMK_decryptAndStoreSubMasterKey,-,-,32,27,success
53,ECU_Key_Derivation_Flow,-,-,-,0,skipped_by_config
54,SMK_createECDSAKey,-,-,-,4,success
54,SMK_getECDSAPublicKey,-,-,65,4,success
54,SMK_signDataECDSA,-,-,64,66,success
54,SMK_getMyECDHPublicKey,-,-,66,14,success
54,SMK_requestSessionKeyToGateway,-,-,60,116,success
54,SMK_computeMyECDHSharedSecret,-,-,32,14,success
54,SMK_decryptAndStoreSubMasterKey,-,-,32,28,success
54,ECU_Key_Derivation_Flow,-,-,-,0,skipped_by_config
55,SMK_createECDSAKey,-,-,-,4,success
55,SMK_getECDSAPublicKey,-,-,65,4,success
55,SMK_signDataECDSA,-,-,64,66,success
55,SMK_getMyECDHPublicKey,-,-,66,14,success
55,SMK_requestSessionKeyToGateway,-,-,60,115,success
55,SMK_computeMyECDHSharedSecret,-,-,32,14,success
55,SMK_decryptAndStoreSubMasterKey,-,-,32,26,success
55,ECU_Key_Derivation_Flow,-,-,-,0,skipped_by_config
56,SMK_createECDSAKey,-,-,-,4,success
56,SMK_getECDSAPublicKey,-,-,65,4,success
56,SMK_signDataECDSA,-,-,64,66,success
56,SMK_getMyECDHPublicKey,-,-,66,13,success
56,SMK_requestSessionKeyToGateway,-,-,60,110,success
56,SMK_computeMyECDHSharedSecret,-,-,32,14,success
56,SMK_decryptAndStoreSubMasterKey,-,-,32,27,success
56,ECU_Key_Derivation_Flow,-,-,-,0,skipped_by_config
57,SMK_createECDSAKey,-,-,-,4,success
57,SMK_getECDSAPublicKey,-,-,65,4,success
57,SMK_signDataECDSA,-,-,64,66,success
57,SMK_getMyECDHPublicKey,-,-,66,14,success
57,SMK_requestSessionKeyToGateway,-,-,60,110,success
57,SMK_computeMyECDHSharedSecret,-,-,32,14,success
57,SMK_decryptAndStoreSubMasterKey,-,-,32,28,success
57,ECU_Key_Derivation_Flow,-,-,-,0,skipped_by_config
58,SMK_createECDSAKey,-,-,-,4,success
58,SMK_getECDSAPublicKey,-,-,65,4,success
58,SMK_signDataECDSA,-,-,64,67,success
58,SMK_getMyECDHPublicKey,-,-,66,14,success
58,SMK_requestSessionKeyToGateway,-,-,60,115,success
58,SMK_computeMyECDHSharedSecret,-,-,32,14,success
58,SMK_decryptAndStoreSubMasterKey,-,-,32,27,success
58,ECU_Key_Derivation_Flow,-,-,-,0,skipped_by_config
59,SMK_createECDSAKey,-,-,-,4,success
59,SMK_getECDSAPublicKey,-,-,65,4,success
59,SMK_signDataECDSA,-,-,64,66,success
59,SMK_getMyECDHPublicKey,-,-,66,13,success
59,SMK_requestSessionKeyToGateway,-,-,60,108,success
59,SMK_computeMyECDHSharedSecret,-,-,32,14,success
59,SMK_decryptAndStoreSubMasterKey,-,-,32,30,success
59,ECU_Key_Derivation_Flow,-,-,-,0,skipped_by_config
60,SMK_createECDSAKey,-,-,-,4,success
60,SMK_getECDSAPublicKey,-,-,65,4,success
60,SMK_signDataECDSA,-,-,64,66,success
60,SMK_getMyECDHPublicKey,-,-,66,14,success
60,SMK_requestSessionKeyToGateway,-,-,60,116,success
60,SMK_computeMyECDHSharedSecret,-,-,32,14,success
60,SMK_decryptAndStoreSubMasterKey,-,-,32,29,success
60,ECU_Key_Derivation_Flow,-,-,-,0,skipped_by_config
61,SMK_createECDSAKey,-,-,-,4,success
61,SMK_getECDSAPublicKey,-,-,65,4,success
61,SMK_signDataECDSA,-,-,64,66,success
61,SMK_getMyECDHPublicKey,-,-,66,14,success
61,SMK_requestSessionKeyToGateway,-,-,60,109,success
61,SMK_computeMyECDHSharedSecret,-,-,32,14,success
61,SMK_decryptAndStoreSubMasterKey,-,-,32,30,success
61,ECU_Key_Derivation_Flow,-,-,-,0,skipped_by_config
62,SMK_createECDSAKey,-,-,-,4,success
62,SMK_getECDSAPublicKey,-,-,65,4,success
62,SMK_signDataECDSA,-,-,64,66,success
62,SMK_getMyECDHPublicKey,-,-,66,14,success
62,SMK_requestSessionKeyToGateway,-,-,60,115,success
62,SMK_computeMyECDHSharedSecret,-,-,32,14,success
62,SMK_decryptAndStoreSubMasterKey,-,-,32,27,success
62,ECU_Key_Derivation_Flow,-,-,-,0,skipped_by_config
63,SMK_createECDSAKey,-,-,-,4,success
63,SMK_getECDSAPublicKey,-,-,65,4,success
63,SMK_signDataECDSA,-,-,64,65,success
63,SMK_getMyECDHPublicKey,-,-,66,14,success
63,SMK_requestSessionKeyToGateway,-,-,60,111,success
63,SMK_computeMyECDHSharedSecret,-,-,32,13,success
63,SMK_decryptAndStoreSubMasterKey,-,-,32,29,success
63,ECU_Key_Derivation_Flow,-,-,-,0,skipped_by_config
64,SMK_createECDSAKey,-,-,-,4,success
64,SMK_getECDSAPublicKey,-,-,65,4,success
64,SMK_signDataECDSA,-,-,64,66,success
64,SMK_getMyECDHPublicKey,-,-,66,14,success
64,SMK_requestSessionKeyToGateway,-,-,60,123,success
64,SMK_computeMyECDHSharedSecret,-,-,32,14,success
64,SMK_decryptAndStoreSubMasterKey,-,-,32,28,success
64,ECU_Key_Derivation_Flow,-,-,-,0,skipped_by_config
65,SMK_createECDSAKey,-,-,-,4,success
65,SMK_getECDSAPublicKey,-,-,65,4,success
65,SMK_signDataECDSA,-,-,64,66,success
65,SMK_getMyECDHPublicKey,-,-,66,14,success
65,SMK_requestSessionKeyToGateway,-,-,60,111,success
65,SMK_computeMyECDHSharedSecret,-,-,32,14,success
65,SMK_decryptAndStoreSubMasterKey,-,-,32,28,success
65,ECU_Key_Derivation_Flow,-,-,-,0,skipped_by_config
66,SMK_createECDSAKey,-,-,-,3,success
66,SMK_getECDSAPublicKey,-,-,65,3,success
66,SMK_signDataECDSA,-,-,64,60,success
66,SMK_getMyECDHPublicKey,-,-,66,14,success
66,SMK_requestSessionKeyToGateway,-,-,60,111,success
66,SMK_computeMyECDHSharedSecret,-,-,32,14,success
66,SMK_decryptAndStoreSubMasterKey,-,-,32,29,success
66,ECU_Key_Derivation_Flow,-,-,-,0,skipped_by_config
67,SMK_createECDSAKey,-,-,-,4,success
67,SMK_getECDSAPublicKey,-,-,65,4,success
67,SMK_signDataECDSA,-,-,64,66,success
67,SMK_getMyECDHPublicKey,-,-,66,14,success
67,SMK_requestSessionKeyToGateway,-,-,60,114,success
67,SMK_computeMyECDHSharedSecret,-,-,32,14,success
67,SMK_decryptAndStoreSubMasterKey,-,-,32,28,success
67,ECU_Key_Derivation_Flow,-,-,-,0,skipped_by_config
68,SMK_createECDSAKey,-,-,-,4,success
68,SMK_getECDSAPublicKey,-,-,65,4,success
68,SMK_signDataECDSA,-,-,64,66,success
68,SMK_getMyECDHPublicKey,-,-,66,13,success
68,SMK_requestSessionKeyToGateway,-,-,60,109,success
68,SMK_computeMyECDHSharedSecret,-,-,32,14,success
68,SMK_decryptAndStoreSubMasterKey,-,-,32,27,success
68,ECU_Key_Derivation_Flow,-,-,-,0,skipped_by_config
69,SMK_createECDSAKey,-,-,-,4,success
69,SMK_getECDSAPublicKey,-,-,65,4,success
69,SMK_signDataECDSA,-,-,64,66,success
69,SMK_getMyECDHPublicKey,-,-,66,14,success
69,SMK_requestSessionKeyToGateway,-,-,60,115,success
69,SMK_computeMyECDHSharedSecret,-,-,32,14,success
69,SMK_decryptAndStoreSubMasterKey,-,-,32,34,success
69,ECU_Key_Derivation_Flow,-,-,-,0,skipped_by_config
70,SMK_createECDSAKey,-,-,-,5,success
70,SMK_getECDSAPublicKey,-,-,65,4,success
70,SMK_signDataECDSA,-,-,64,71,success
70,SMK_getMyECDHPublicKey,-,-,66,14,success
70,SMK_requestSessionKeyToGateway,-,-,60,107,success
70,SMK_computeMyECDHSharedSecret,-,-,32,14,success
70,SMK_decryptAndStoreSubMasterKey,-,-,32,25,success
70,ECU_Key_Derivation_Flow,-,-,-,0,skipped_by_config
71,SMK_createECDSAKey,-,-,-,4,success
71,SMK_getECDSAPublicKey,-,-,65,4,success
71,SMK_signDataECDSA,-,-,64,62,success
71,SMK_getMyECDHPublicKey,-,-,66,14,success
71,SMK_requestSessionKeyToGateway,-,-,60,107,success
71,SMK_computeMyECDHSharedSecret,-,-,32,14,success
71,SMK_decryptAndStoreSubMasterKey,-,-,32,35,success
71,ECU_Key_Derivation_Flow,-,-,-,0,skipped_by_config
72,SMK_createECDSAKey,-,-,-,5,success
72,SMK_getECDSAPublicKey,-,-,65,4,success
72,SMK_signDataECDSA,-,-,64,71,success
72,SMK_getMyECDHPublicKey,-,-,66,14,success
72,SMK_requestSessionKeyToGateway,-,-,60,110,success
72,SMK_computeMyECDHSharedSecret,-,-,32,14,success
72,SMK_decryptAndStoreSubMasterKey,-,-,32,30,success
72,ECU_Key_Derivation_Flow,-,-,-,0,skipped_by_config
73,SMK_createECDSAKey,-,-,-,4,success
73,SMK_getECDSAPublicKey,-,-,65,4,success
73,SMK_signDataECDSA,-,-,64,66,success
73,SMK_getMyECDHPublicKey,-,-,66,14,success
73,SMK_requestSessionKeyToGateway,-,-,60,112,success
73,SMK_computeMyECDHSharedSecret,-,-,32,14,success
73,SMK_decryptAndStoreSubMasterKey,-,-,32,25,success
73,ECU_Key_Derivation_Flow,-,-,-,0,skipped_by_config
74,SMK_createECDSAKey,-,-,-,4,success
74,SMK_getECDSAPublicKey,-,-,65,4,success
74,SMK_signDataECDSA,-,-,64,62,success
74,SMK_getMyECDHPublicKey,-,-,66,13,success
74,SMK_requestSessionKeyToGateway,-,-,60,110,success
74,SMK_computeMyECDHSharedSecret,-,-,32,14,success
74,SMK_decryptAndStoreSubMasterKey,-,-,32,26,success
74,ECU_Key_Derivation_Flow,-,-,-,0,skipped_by_config
75,SMK_createECDSAKey,-,-,-,4,success
75,SMK_getECDSAPublicKey,-,-,65,4,success
75,SMK_signDataECDSA,-,-,64,62,success
75,SMK_getMyECDHPublicKey,-,-,66,14,success
75,SMK_requestSessionKeyToGateway,-,-,60,113,success
75,SMK_computeMyECDHSharedSecret,-,-,32,14,success
75,SMK_decryptAndStoreSubMasterKey,-,-,32,28,success
75,ECU_Key_Derivation_Flow,-,-,-,0,skipped_by_config
76,SMK_createECDSAKey,-,-,-,4,success
76,SMK_getECDSAPublicKey,-,-,65,4,success
76,SMK_signDataECDSA,-,-,64,66,success
76,SMK_getMyECDHPublicKey,-,-,66,14,success
76,SMK_requestSessionKeyToGateway,-,-,60,113,success
76,SMK_computeMyECDHSharedSecret,-,-,32,14,success
76,SMK_decryptAndStoreSubMasterKey,-,-,32,27,success
76,ECU_Key_Derivation_Flow,-,-,-,0,skipped_by_config
77,SMK_createECDSAKey,-,-,-,4,success
77,SMK_getECDSAPublicKey,-,-,65,4,success
77,SMK_signDataECDSA,-,-,64,66,success
77,SMK_getMyECDHPublicKey,-,-,66,14,success
77,SMK_requestSessionKeyToGateway,-,-,60,113,success
77,SMK_computeMyECDHSharedSecret,-,-,32,14,success
77,SMK_decryptAndStoreSubMasterKey,-,-,32,44,success
77,ECU_Key_Derivation_Flow,-,-,-,0,skipped_by_config
78,SMK_createECDSAKey,-,-,-,5,success
78,SMK_getECDSAPublicKey,-,-,65,5,success
78,SMK_signDataECDSA,-,-,64,83,success
78,SMK_getMyECDHPublicKey,-,-,66,14,success
78,SMK_requestSessionKeyToGateway,-,-,60,139,success
78,SMK_computeMyECDHSharedSecret,-,-,32,14,success
78,SMK_decryptAndStoreSubMasterKey,-,-,32,32,success
78,ECU_Key_Derivation_Flow,-,-,-,0,skipped_by_config
79,SMK_createECDSAKey,-,-,-,5,success
79,SMK_getECDSAPublicKey,-,-,65,4,success
79,SMK_signDataECDSA,-,-,64,76,success
79,SMK_getMyECDHPublicKey,-,-,66,14,success
79,SMK_requestSessionKeyToGateway,-,-,60,123,success
79,SMK_computeMyECDHSharedSecret,-,-,32,14,success
79,SMK_decryptAndStoreSubMasterKey,-,-,32,33,success
79,ECU_Key_Derivation_Flow,-,-,-,0,skipped_by_config
80,SMK_createECDSAKey,-,-,-,5,success
80,SMK_getECDSAPublicKey,-,-,65,5,success
80,SMK_signDataECDSA,-,-,64,71,success
80,SMK_getMyECDHPublicKey,-,-,66,14,success
80,SMK_requestSessionKeyToGateway,-,-,60,122,success
80,SMK_computeMyECDHSharedSecret,-,-,32,14,success
80,SMK_decryptAndStoreSubMasterKey,-,-,32,27,success
80,ECU_Key_Derivation_Flow,-,-,-,0,skipped_by_config
81,SMK_createECDSAKey,-,-,-,4,success
81,SMK_getECDSAPublicKey,-,-,65,4,success
81,SMK_signDataECDSA,-,-,64,66,success
81,SMK_getMyECDHPublicKey,-,-,66,13,success
81,SMK_requestSessionKeyToGateway,-,-,60,113,success
81,SMK_computeMyECDHSharedSecret,-,-,32,14,success
81,SMK_decryptAndStoreSubMasterKey,-,-,32,25,success
81,ECU_Key_Derivation_Flow,-,-,-,0,skipped_by_config
82,SMK_createECDSAKey,-,-,-,4,success
82,SMK_getECDSAPublicKey,-,-,65,4,success
82,SMK_signDataECDSA,-,-,64,44,success
82,SMK_getMyECDHPublicKey,-,-,66,14,success
82,SMK_requestSessionKeyToGateway,-,-,60,115,success
82,SMK_computeMyECDHSharedSecret,-,-,32,14,success
82,SMK_decryptAndStoreSubMasterKey,-,-,32,26,success
82,ECU_Key_Derivation_Flow,-,-,-,0,skipped_by_config
83,SMK_createECDSAKey,-,-,-,4,success
83,SMK_getECDSAPublicKey,-,-,65,6,success
83,SMK_signDataECDSA,-,-,64,65,success
83,SMK_getMyECDHPublicKey,-,-,66,14,success
83,SMK_requestSessionKeyToGateway,-,-,60,113,success
83,SMK_computeMyECDHSharedSecret,-,-,32,14,success
83,SMK_decryptAndStoreSubMasterKey,-,-,32,42,success
83,ECU_Key_Derivation_Flow,-,-,-,0,skipped_by_config
84,SMK_createECDSAKey,-,-,-,5,success
84,SMK_getECDSAPublicKey,-,-,65,5,success
84,SMK_signDataECDSA,-,-,64,82,success
84,SMK_getMyECDHPublicKey,-,-,66,14,success
84,SMK_requestSessionKeyToGateway,-,-,60,112,success
84,SMK_computeMyECDHSharedSecret,-,-,32,15,success
84,SMK_decryptAndStoreSubMasterKey,-,-,32,26,success
84,ECU_Key_Derivation_Flow,-,-,-,0,skipped_by_config
85,SMK_createECDSAKey,-,-,-,4,success
85,SMK_getECDSAPublicKey,-,-,65,4,success
85,SMK_signDataECDSA,-,-,64,66,success
85,SMK_getMyECDHPublicKey,-,-,66,14,success
85,SMK_requestSessionKeyToGateway,-,-,60,112,success
85,SMK_computeMyECDHSharedSecret,-,-,32,14,success
85,SMK_decryptAndStoreSubMasterKey,-,-,32,28,success
85,ECU_Key_Derivation_Flow,-,-,-,0,skipped_by_config
86,SMK_createECDSAKey,-,-,-,4,success
86,SMK_getECDSAPublicKey,-,-,65,4,success
86,SMK_signDataECDSA,-,-,64,66,success
86,SMK_getMyECDHPublicKey,-,-,66,14,success
86,SMK_requestSessionKeyToGateway,-,-,60,73,success
86,SMK_computeMyECDHSharedSecret,-,-,32,14,success
86,SMK_decryptAndStoreSubMasterKey,-,-,32,26,success
86,ECU_Key_Derivation_Flow,-,-,-,0,skipped_by_config
87,SMK_createECDSAKey,-,-,-,3,success
87,SMK_getECDSAPublicKey,-,-,65,3,success
87,SMK_signDataECDSA,-,-,64,54,success
87,SMK_getMyECDHPublicKey,-,-,66,14,success
87,SMK_requestSessionKeyToGateway,-,-,60,131,success
87,SMK_computeMyECDHSharedSecret,-,-,32,14,success
87,SMK_decryptAndStoreSubMasterKey,-,-,32,25,success
87,ECU_Key_Derivation_Flow,-,-,-,0,skipped_by_config
88,SMK_createECDSAKey,-,-,-,3,success
88,SMK_getECDSAPublicKey,-,-,65,3,success
88,SMK_signDataECDSA,-,-,64,54,success
88,SMK_getMyECDHPublicKey,-,-,66,14,success
88,SMK_requestSessionKeyToGateway,-,-,60,89,success
88,SMK_computeMyECDHSharedSecret,-,-,32,17,success
88,SMK_decryptAndStoreSubMasterKey,-,-,32,24,success
88,ECU_Key_Derivation_Flow,-,-,-,0,skipped_by_config
89,SMK_createECDSAKey,-,-,-,3,success
89,SMK_getECDSAPublicKey,-,-,65,3,success
89,SMK_signDataECDSA,-,-,64,46,success
89,SMK_getMyECDHPublicKey,-,-,66,14,success
89,SMK_requestSessionKeyToGateway,-,-,60,145,success
89,SMK_computeMyECDHSharedSecret,-,-,32,14,success
89,SMK_decryptAndStoreSubMasterKey,-,-,32,30,success
89,ECU_Key_Derivation_Flow,-,-,-,0,skipped_by_config
90,SMK_createECDSAKey,-,-,-,4,success
90,SMK_getECDSAPublicKey,-,-,65,4,success
90,SMK_signDataECDSA,-,-,64,66,success
90,SMK_getMyECDHPublicKey,-,-,66,14,success
90,SMK_requestSessionKeyToGateway,-,-,60,71,success
90,SMK_computeMyECDHSharedSecret,-,-,32,14,success
90,SMK_decryptAndStoreSubMasterKey,-,-,32,27,success
90,ECU_Key_Derivation_Flow,-,-,-,0,skipped_by_config
91,SMK_createECDSAKey,-,-,-,2,success
91,SMK_getECDSAPublicKey,-,-,65,3,success
91,SMK_signDataECDSA,-,-,64,55,success
91,SMK_getMyECDHPublicKey,-,-,66,14,success
91,SMK_requestSessionKeyToGateway,-,-,60,133,success
91,SMK_computeMyECDHSharedSecret,-,-,32,14,success
91,SMK_decryptAndStoreSubMasterKey,-,-,32,26,success
91,ECU_Key_Derivation_Flow,-,-,-,0,skipped_by_config
92,SMK_createECDSAKey,-,-,-,4,success
92,SMK_getECDSAPublicKey,-,-,65,4,success
92,SMK_signDataECDSA,-,-,64,66,success
92,SMK_getMyECDHPublicKey,-,-,66,14,success
92,SMK_requestSessionKeyToGateway,-,-,60,89,success
92,SMK_computeMyECDHSharedSecret,-,-,32,14,success
92,SMK_decryptAndStoreSubMasterKey,-,-,32,30,success
92,ECU_Key_Derivation_Flow,-,-,-,0,skipped_by_config
93,SMK_createECDSAKey,-,-,-,4,success
93,SMK_getECDSAPublicKey,-,-,65,4,success
93,SMK_signDataECDSA,-,-,64,61,success
93,SMK_getMyECDHPublicKey,-,-,66,14,success
93,SMK_requestSessionKeyToGateway,-,-,60,145,success
93,SMK_computeMyECDHSharedSecret,-,-,32,14,success
93,SMK_decryptAndStoreSubMasterKey,-,-,32,29,success
93,ECU_Key_Derivation_Flow,-,-,-,0,skipped_by_config
94,SMK_createECDSAKey,-,-,-,4,success
94,SMK_getECDSAPublicKey,-,-,65,4,success
94,SMK_signDataECDSA,-,-,64,67,success
94,SMK_getMyECDHPublicKey,-,-,66,14,success
94,SMK_requestSessionKeyToGateway,-,-,60,71,success
94,SMK_computeMyECDHSharedSecret,-,-,32,14,success
94,SMK_decryptAndStoreSubMasterKey,-,-,32,28,success
94,ECU_Key_Derivation_Flow,-,-,-,0,skipped_by_config
95,SMK_createECDSAKey,-,-,-,4,success
95,SMK_getECDSAPublicKey,-,-,65,4,success
95,SMK_signDataECDSA,-,-,64,61,success
95,SMK_getMyECDHPublicKey,-,-,66,14,success
95,SMK_requestSessionKeyToGateway,-,-,60,127,success
95,SMK_computeMyECDHSharedSecret,-,-,32,14,success
95,SMK_decryptAndStoreSubMasterKey,-,-,32,29,success
95,ECU_Key_Derivation_Flow,-,-,-,0,skipped_by_config
96,SMK_createECDSAKey,-,-,-,3,success
96,SMK_getECDSAPublicKey,-,-,65,3,success
96,SMK_signDataECDSA,-,-,64,54,success
96,SMK_getMyECDHPublicKey,-,-,66,14,success
96,SMK_requestSessionKeyToGateway,-,-,60,119,success
96,SMK_computeMyECDHSharedSecret,-,-,32,14,success
96,SMK_decryptAndStoreSubMasterKey,-,-,32,25,success
96,ECU_Key_Derivation_Flow,-,-,-,0,skipped_by_config
97,SMK_createECDSAKey,-,-,-,4,success
97,SMK_getECDSAPublicKey,-,-,65,4,success
97,SMK_signDataECDSA,-,-,64,66,success
97,SMK_getMyECDHPublicKey,-,-,66,14,success
97,SMK_requestSessionKeyToGateway,-,-,60,111,success
97,SMK_computeMyECDHSharedSecret,-,-,32,14,success
97,SMK_decryptAndStoreSubMasterKey,-,-,32,29,success
97,ECU_Key_Derivation_Flow,-,-,-,0,skipped_by_config
98,SMK_createECDSAKey,-,-,-,4,success
98,SMK_getECDSAPublicKey,-,-,65,4,success
98,SMK_signDataECDSA,-,-,64,65,success
98,SMK_getMyECDHPublicKey,-,-,66,14,success
98,SMK_requestSessionKeyToGateway,-,-,60,111,success
98,SMK_computeMyECDHSharedSecret,-,-,32,14,success
98,SMK_decryptAndStoreSubMasterKey,-,-,32,28,success
98,ECU_Key_Derivation_Flow,-,-,-,0,skipped_by_config
99,SMK_createECDSAKey,-,-,-,4,success
99,SMK_getECDSAPublicKey,-,-,65,4,success
99,SMK_signDataECDSA,-,-,64,66,success
99,SMK_getMyECDHPublicKey,-,-,66,14,success
99,SMK_requestSessionKeyToGateway,-,-,60,119,success
99,SMK_computeMyECDHSharedSecret,-,-,32,14,success
99,SMK_decryptAndStoreSubMasterKey,-,-,32,28,success
99,ECU_Key_Derivation_Flow,-,-,-,0,skipped_by_config
